{
  "lastUID": 9,
  "iterations": [
    {
      "UID": 9,
      "params": {
        "Vco": [
          8.099789949942,
          1,
          10
        ],
        "Ftot": [
          8.73893809502934,
          1,
          10
        ],
        "conversion": [
          0.5423562496555473,
          0,
          1
        ],
        "tspan": [
          56.4277587726055,
          1,
          100
        ],
        "mH": [
          62.673449567592684,
          60,
          100
        ],
        "MWH": [
          163.13603381875419,
          100,
          200
        ],
        "delta": [
          7.720091006710843,
          1,
          10
        ],
        "Vr": [
          52.3173588397632,
          1,
          100
        ],
        "tau": [
          2.005460282079846,
          1,
          10
        ],
        "n": [
          3.528617999564946,
          1,
          10
        ],
        "x": [
          3.532644417846159,
          1,
          10
        ]
      }
    },
    {
      "UID": 8,
      "params": {
        "Vco": [
          9.906115140521786,
          1,
          10
        ],
        "Ftot": [
          9.505604448395541,
          1,
          10
        ],
        "conversion": [
          0.5775858008324865,
          0,
          1
        ],
        "tspan": [
          76.93347374988178,
          1,
          100
        ],
        "mH": [
          66.44504939807561,
          60,
          100
        ],
        "MWH": [
          140.4407547117883,
          100,
          200
        ],
        "delta": [
          5.978125135953787,
          1,
          10
        ],
        "Vr": [
          7.298407528260903,
          1,
          100
        ],
        "tau": [
          7.552761246921256,
          1,
          10
        ],
        "n": [
          4.1609116395389325,
          1,
          10
        ],
        "x": [
          4.253832198685933,
          1,
          10
        ]
      }
    },
    {
      "UID": 7,
      "params": {
        "Vco": [
          4.517715663905957,
          1,
          10
        ],
        "Ftot": [
          8.63722139756279,
          1,
          10
        ],
        "conversion": [
          0.4158726550586562,
          0,
          1
        ],
        "tspan": [
          59.55004892870722,
          1,
          100
        ],
        "mH": [
          89.43748870215431,
          60,
          100
        ],
        "MWH": [
          105.1951803457722,
          100,
          200
        ],
        "delta": [
          4.976402131686121,
          1,
          10
        ],
        "Vr": [
          55.33338867548179,
          1,
          100
        ],
        "tau": [
          3.549303952408237,
          1,
          10
        ],
        "n": [
          3.7480185014633554,
          1,
          10
        ],
        "x": [
          2.9921416405049093,
          1,
          10
        ]
      }
    },
    {
      "UID": 6,
      "params": {
        "Vco": [
          6.738485483189399,
          1,
          10
        ],
        "Ftot": [
          3.4538225879502225,
          1,
          10
        ],
        "conversion": [
          0.40612523812392776,
          0,
          1
        ],
        "tspan": [
          90.7980395824455,
          1,
          100
        ],
        "mH": [
          69.05344316969754,
          60,
          100
        ],
        "MWH": [
          181.4510557937561,
          100,
          200
        ],
        "delta": [
          8.524831223940927,
          1,
          10
        ],
        "Vr": [
          52.483206901776654,
          1,
          100
        ],
        "tau": [
          9.936178983919673,
          1,
          10
        ],
        "n": [
          8.14764616291804,
          1,
          10
        ],
        "x": [
          9.133925255184412,
          1,
          10
        ]
      }
    },
    {
      "UID": 5,
      "params": {
        "Vco": [
          1.807244270827753,
          1,
          10
        ],
        "Ftot": [
          6.520968499108913,
          1,
          10
        ],
        "conversion": [
          0.85479486500084,
          0,
          1
        ],
        "tspan": [
          27.360911087714857,
          1,
          100
        ],
        "mH": [
          87.36999022642212,
          60,
          100
        ],
        "MWH": [
          199.4311515130991,
          100,
          200
        ],
        "delta": [
          6.127894418023553,
          1,
          10
        ],
        "Vr": [
          41.735529083856925,
          1,
          100
        ],
        "tau": [
          7.719336764387671,
          1,
          10
        ],
        "n": [
          4.2765610836546015,
          1,
          10
        ],
        "x": [
          7.525603848428035,
          1,
          10
        ]
      }
    },
    {
      "UID": 4,
      "params": {
        "Vco": [
          3.1914682573880735,
          1,
          10
        ],
        "Ftot": [
          5.233692250955103,
          1,
          10
        ],
        "conversion": [
          0.260665831227166,
          0,
          1
        ],
        "tspan": [
          25.33883554342471,
          1,
          100
        ],
        "mH": [
          99.36511506281147,
          60,
          100
        ],
        "MWH": [
          178.3375077781792,
          100,
          200
        ],
        "delta": [
          8.919647041222804,
          1,
          10
        ],
        "Vr": [
          45.0508496499554,
          1,
          100
        ],
        "tau": [
          9.86788607133709,
          1,
          10
        ],
        "n": [
          7.293612156188561,
          1,
          10
        ],
        "x": [
          4.31307328393674,
          1,
          10
        ]
      }
    },
    {
      "UID": 3,
      "params": {
        "Vco": [
          5.478812344953525,
          1,
          10
        ],
        "Ftot": [
          5.248621206281522,
          1,
          10
        ],
        "conversion": [
          0.020040650134163118,
          0,
          1
        ],
        "tspan": [
          38.80191789619599,
          1,
          100
        ],
        "mH": [
          61.12395823318848,
          60,
          100
        ],
        "MWH": [
          185.94857740773028,
          100,
          200
        ],
        "delta": [
          9.2659392696976,
          1,
          10
        ],
        "Vr": [
          55.4779293057764,
          1,
          100
        ],
        "tau": [
          6.288337996980426,
          1,
          10
        ],
        "n": [
          1.4928618305676618,
          1,
          10
        ],
        "x": [
          8.135909130622615,
          1,
          10
        ]
      }
    },
    {
      "UID": 2,
      "params": {
        "Vco": [
          4.571573233950367,
          1,
          10
        ],
        "Ftot": [
          8.515658180823756,
          1,
          10
        ],
        "conversion": [
          0.7946321036965813,
          0,
          1
        ],
        "tspan": [
          62.136106309262324,
          1,
          100
        ],
        "mH": [
          96.75804695596156,
          60,
          100
        ],
        "MWH": [
          137.59026516129205,
          100,
          200
        ],
        "delta": [
          5.623316076994046,
          1,
          10
        ],
        "Vr": [
          6.973273496383775,
          1,
          100
        ],
        "tau": [
          2.556055021072599,
          1,
          10
        ],
        "n": [
          6.105107041986612,
          1,
          10
        ],
        "x": [
          8.898955912905235,
          1,
          10
        ]
      }
    },
    {
      "UID": 1,
      "params": {
        "Vco": [
          11,
          1,
          10
        ],